{
    "rigToUse": 5,
    "targetFrameRate": 120,
    "reprojectionSettings": 0,
    "nativeShaderToUse": 0,
    "myOffsets": {
        "TranslationEyeToLeapMotion": {
            "x": 0.0012670760042965413,
            "y": 0.04519218951463699,
            "z": 0.06365294754505158
        },
        "RotationEyeToLeapMotion": {
            "x": 0.06161082535982132,
            "y": -0.0007776018464937806,
            "z": -0.004106724634766579,
            "w": 0.9980915188789368
        },
        "TranslationFromTracker": {
            "x": 0.0043778191320598129,
            "y": 0.0804438367486,
            "z": -0.055803168565034869
        },
        "RotationFromTracker": {
            "x": 0.0041657546535134319,
            "y": 0.06373541057109833,
            "z": -0.9979580044746399,
            "w": 0.000532465404830873
        },
        "RGBSensorTranslationFromTracker": {
            "x": 0.0010000000474974514,
            "y": -0.0017000000225380064,
            "z": -0.050999999046325687
        },
        "RGBSensorRotationFromTracker": {
            "x": 0.3269999921321869,
            "y": 0.0560000017285347,
            "z": 0.05000000074505806,
            "w": 0.9419999718666077
        }
    },
    "v2CalibrationValues": {
        "left_uv_to_rect_x": [
            -0.5215064287185669,
            0.16167035698890687,
            -0.21552424132823945,
            -0.20032070577144624,
            1.0769367218017579,
            -0.011096099391579628,
            -0.5362471342086792,
            0.6062942147254944,
            -0.3264586329460144,
            -0.5899870991706848,
            1.7257108688354493,
            -1.2831840515136719,
            0.2414575070142746,
            0.30994150042533877,
            -1.0257651805877686,
            0.7748570442199707
        ],
        "left_uv_to_rect_y": [
            -0.5542892813682556,
            1.22158944606781,
            -0.4986230731010437,
            0.3288634121417999,
            0.1490887701511383,
            0.039780981838703158,
            0.016078144311904908,
            0.048959214240312579,
            -0.14954496920108796,
            0.2780793607234955,
            -0.20211976766586305,
            0.043937843292951587,
            -0.0125493248924613,
            0.23033814132213593,
            -0.39171621203422549,
            0.36021021008491518
        ],
        "right_uv_to_rect_x": [
            -0.46535739302635195,
            0.024600788950920106,
            0.17126703262329102,
            0.043868400156497958,
            1.1436978578567505,
            -0.07091791182756424,
            -0.445647656917572,
            0.47755101323127749,
            -0.4250541925430298,
            -0.433918833732605,
            1.5682318210601807,
            -1.1333364248275757,
            0.2729223370552063,
            0.2910584807395935,
            -1.1031811237335206,
            0.857857882976532
        ],
        "right_uv_to_rect_y": [
            -0.5716240406036377,
            1.6680550575256348,
            -0.9262479543685913,
            0.706416666507721,
            0.20970387756824494,
            -1.3468924760818482,
            1.7841086387634278,
            -1.3493547439575196,
            -0.22370316088199616,
            1.4607614278793336,
            -2.4934329986572267,
            1.7668256759643555,
            0.042728785425424579,
            -0.556635856628418,
            1.1039390563964844,
            -0.7539818286895752
        ],
        "left_eye_offset": [
            0.0,
            0.0
        ],
        "right_eye_offset": [
            0.0,
            0.0
        ]
    },
    "v1CalibrationValues": {
        "leftEye": {
            "ellipseMinorAxis": 0.24494899809360505,
            "ellipseMajorAxis": 0.3099985122680664,
            "screenForward": {
                "x": 0.5140379071235657,
                "y": -0.2891080379486084,
                "z": 0.8075775504112244
            },
            "screenPosition": {
                "x": -0.07188151031732559,
                "y": -0.008429261855781079,
                "z": 0.026248455047607423
            },
            "eyePosition": {
                "x": -0.029943088069558145,
                "y": -0.003366167191416025,
                "z": -0.00427968380972743
            },
            "eyeRotation": {
                "x": 7.395533370627759e-32,
                "y": 1.7763568394002506e-15,
                "z": 1.1241009818395605e-14,
                "w": 1.0
            },
            "cameraProjection": {
                "x": -0.699999988079071,
                "y": 0.699999988079071,
                "z": 0.30000001192092898,
                "w": -1.399999976158142
            },
            "sphereToWorldSpace": {
                "e00": 0.05101080238819122,
                "e01": 0.06071346998214722,
                "e02": 0.29330453276634219,
                "e03": -0.11233785003423691,
                "e10": 0.0,
                "e11": 0.23695310950279237,
                "e12": -0.07855913043022156,
                "e13": 0.026850363239645959,
                "e20": -0.23957861959934236,
                "e21": 0.012927045114338398,
                "e22": 0.062450066208839419,
                "e23": -0.046845193952322009,
                "e30": 0.0,
                "e31": 0.0,
                "e32": 0.0,
                "e33": 1.0
            },
            "worldToScreenSpace": {
                "e00": 1.8454549312591553,
                "e01": 14.493172645568848,
                "e02": 4.013805866241455,
                "e03": 0.14946463704109193,
                "e10": -14.294207572937012,
                "e11": -0.6365562677383423,
                "e12": 8.87063980102539,
                "e13": -1.265695571899414,
                "e20": 0.5140379071235657,
                "e21": -0.2891080975532532,
                "e22": 0.8075775504112244,
                "e23": 0.013315193355083466,
                "e30": 0.0,
                "e31": 0.0,
                "e32": 0.0,
                "e33": 1.0
            }
        },
        "rightEye": {
            "ellipseMinorAxis": 0.24494899809360505,
            "ellipseMajorAxis": 0.3099985122680664,
            "screenForward": {
                "x": -0.42177313566207888,
                "y": -0.18166834115982057,
                "z": 0.8883152604103088
            },
            "screenPosition": {
                "x": 0.07054391503334046,
                "y": -0.009491059929132462,
                "z": 0.028982438147068025
            },
            "eyePosition": {
                "x": 0.029943088069558145,
                "y": -0.003366167191416025,
                "z": -0.00427968380972743
            },
            "eyeRotation": {
                "x": 7.395533370627759e-32,
                "y": 1.7763568394002506e-15,
                "z": 1.1241009818395605e-14,
                "w": 1.0
            },
            "cameraProjection": {
                "x": -0.699999988079071,
                "y": 0.699999988079071,
                "z": 0.30000001192092898,
                "w": -1.399999976158142
            },
            "sphereToWorldSpace": {
                "e00": 0.05101081356406212,
                "e01": -0.060713451355695727,
                "e02": -0.29330453276634219,
                "e03": 0.11538401991128922,
                "e10": 0.0,
                "e11": 0.23695312440395356,
                "e12": -0.07855910062789917,
                "e13": 0.025588704273104669,
                "e20": 0.23957861959934236,
                "e21": 0.0129270413890481,
                "e22": 0.062450066208839419,
                "e23": -0.04654233157634735,
                "e30": 0.0,
                "e31": 0.0,
                "e32": 0.0,
                "e33": 1.0
            },
            "worldToScreenSpace": {
                "e00": -1.1463184356689454,